filename,category,width,height,file_path
All_Training_Images_BlackRot_1.JPG,All_Training_Images,256,256,C:\Users\matim\Downloads\Agritech project\organized_dataset\All_Training_Images\All_Training_Images_BlackRot_1.JPG
All_Training_Images_BlackRot_10.JPG,All_Training_Images,256,256,C:\Users\matim\Downloads\Agritech project\organized_dataset\All_Training_Images\All_Training_Images_BlackRot_10.JPG
All_Training_Images_BlackRot_11.JPG,All_Training_Images,256,256,C:\Users\matim\Downloads\Agritech project\organized_dataset\All_Training_Images\All_Training_Images_BlackRot_11.JPG
All_Training_Images_BlackRot_12.JPG,All_Training_Images,256,256,C:\Users\matim\Downloads\Agritech project\organized_dataset\All_Training_Images\All_Training_Images_BlackRot_12.JPG
All_Training_Images_BlackRot_13.JPG,All_Training_Images,256,256,C:\Users\matim\Downloads\Agritech project\organized_dataset\All_Training_Images\All_Training_Images_BlackRot_13.JPG
All_Training_Images_BlackRot_14.JPG,All_Training_Images,256,256,C:\Users\matim\Downloads\Agritech project\organized_dataset\All_Training_Images\All_Training_Images_BlackRot_14.JPG
All_Training_Images_BlackRot_15.JPG,All_Training_Images,256,256,C:\Users\matim\Downloads\Agritech project\organized_dataset\All_Training_Images\All_Training_Images_BlackRot_15.JPG
All_Training_Images_BlackRot_16.JPG,All_Training_Images,256,256,C:\Users\matim\Downloads\Agritech project\organized_dataset\All_Training_Images\All_Training_Images_BlackRot_16.JPG
All_Training_Images_BlackRot_17.JPG,All_Training_Images,256,256,C:\Users\matim\Downloads\Agritech project\organized_dataset\All_Training_Images\All_Training_Images_BlackRot_17.JPG
All_Training_Images_BlackRot_18.JPG,All_Training_Images,256,256,C:\Users\matim\Downloads\Agritech project\organized_dataset\All_Training_Images\All_Training_Images_BlackRot_18.JPG
All_Training_Images_BlackRot_19.JPG,All_Training_Images,256,256,C:\Users\matim\Downloads\Agritech project\organized_dataset\All_Training_Images\All_Training_Images_BlackRot_19.JPG
All_Training_Images_BlackRot_2.JPG,All_Training_Images,256,256,C:\Users\matim\Downloads\Agritech project\organized_dataset\All_Training_Images\All_Training_Images_BlackRot_2.JPG
All_Training_Images_BlackRot_20.JPG,All_Training_Images,256,256,C:\Users\matim\Downloads\Agritech project\organized_dataset\All_Training_Images\All_Training_Images_BlackRot_20.JPG
All_Training_Images_BlackRot_21.JPG,All_Training_Images,256,256,C:\Users\matim\Downloads\Agritech project\organized_dataset\All_Training_Images\All_Training_Images_BlackRot_21.JPG
All_Training_Images_BlackRot_22.JPG,All_Training_Images,256,256,C:\Users\matim\Downloads\Agritech project\organized_dataset\All_Training_Images\All_Training_Images_BlackRot_22.JPG
All_Training_Images_BlackRot_23.JPG,All_Training_Images,256,256,C:\Users\matim\Downloads\Agritech project\organized_dataset\All_Training_Images\All_Training_Images_BlackRot_23.JPG
All_Training_Images_BlackRot_24.JPG,All_Training_Images,256,256,C:\Users\matim\Downloads\Agritech project\organized_dataset\All_Training_Images\All_Training_Images_BlackRot_24.JPG
All_Training_Images_BlackRot_25.JPG,All_Training_Images,256,256,C:\Users\matim\Downloads\Agritech project\organized_dataset\All_Training_Images\All_Training_Images_BlackRot_25.JPG
All_Training_Images_BlackRot_3.JPG,All_Training_Images,256,256,C:\Users\matim\Downloads\Agritech project\organized_dataset\All_Training_Images\All_Training_Images_BlackRot_3.JPG
All_Training_Images_BlackRot_4.JPG,All_Training_Images,256,256,C:\Users\matim\Downloads\Agritech project\organized_dataset\All_Training_Images\All_Training_Images_BlackRot_4.JPG
All_Training_Images_BlackRot_5.JPG,All_Training_Images,256,256,C:\Users\matim\Downloads\Agritech project\organized_dataset\All_Training_Images\All_Training_Images_BlackRot_5.JPG
All_Training_Images_BlackRot_6.JPG,All_Training_Images,256,256,C:\Users\matim\Downloads\Agritech project\organized_dataset\All_Training_Images\All_Training_Images_BlackRot_6.JPG
All_Training_Images_BlackRot_7.JPG,All_Training_Images,256,256,C:\Users\matim\Downloads\Agritech project\organized_dataset\All_Training_Images\All_Training_Images_BlackRot_7.JPG
All_Training_Images_BlackRot_8.JPG,All_Training_Images,256,256,C:\Users\matim\Downloads\Agritech project\organized_dataset\All_Training_Images\All_Training_Images_BlackRot_8.JPG
All_Training_Images_BlackRot_9.JPG,All_Training_Images,256,256,C:\Users\matim\Downloads\Agritech project\organized_dataset\All_Training_Images\All_Training_Images_BlackRot_9.JPG
All_Training_Images_Esca_1.JPG,All_Training_Images,256,256,C:\Users\matim\Downloads\Agritech project\organized_dataset\All_Training_Images\All_Training_Images_Esca_1.JPG
All_Training_Images_Esca_10.JPG,All_Training_Images,256,256,C:\Users\matim\Downloads\Agritech project\organized_dataset\All_Training_Images\All_Training_Images_Esca_10.JPG
All_Training_Images_Esca_11.JPG,All_Training_Images,256,256,C:\Users\matim\Downloads\Agritech project\organized_dataset\All_Training_Images\All_Training_Images_Esca_11.JPG
All_Training_Images_Esca_12.JPG,All_Training_Images,256,256,C:\Users\matim\Downloads\Agritech project\organized_dataset\All_Training_Images\All_Training_Images_Esca_12.JPG
All_Training_Images_Esca_13.JPG,All_Training_Images,256,256,C:\Users\matim\Downloads\Agritech project\organized_dataset\All_Training_Images\All_Training_Images_Esca_13.JPG
All_Training_Images_Esca_14.JPG,All_Training_Images,256,256,C:\Users\matim\Downloads\Agritech project\organized_dataset\All_Training_Images\All_Training_Images_Esca_14.JPG
All_Training_Images_Esca_15.JPG,All_Training_Images,256,256,C:\Users\matim\Downloads\Agritech project\organized_dataset\All_Training_Images\All_Training_Images_Esca_15.JPG
All_Training_Images_Esca_16.JPG,All_Training_Images,256,256,C:\Users\matim\Downloads\Agritech project\organized_dataset\All_Training_Images\All_Training_Images_Esca_16.JPG
All_Training_Images_Esca_17.JPG,All_Training_Images,256,256,C:\Users\matim\Downloads\Agritech project\organized_dataset\All_Training_Images\All_Training_Images_Esca_17.JPG
All_Training_Images_Esca_18.JPG,All_Training_Images,256,256,C:\Users\matim\Downloads\Agritech project\organized_dataset\All_Training_Images\All_Training_Images_Esca_18.JPG
All_Training_Images_Esca_19.JPG,All_Training_Images,256,256,C:\Users\matim\Downloads\Agritech project\organized_dataset\All_Training_Images\All_Training_Images_Esca_19.JPG
All_Training_Images_Esca_2.JPG,All_Training_Images,256,256,C:\Users\matim\Downloads\Agritech project\organized_dataset\All_Training_Images\All_Training_Images_Esca_2.JPG
All_Training_Images_Esca_20.JPG,All_Training_Images,256,256,C:\Users\matim\Downloads\Agritech project\organized_dataset\All_Training_Images\All_Training_Images_Esca_20.JPG
All_Training_Images_Esca_21.JPG,All_Training_Images,256,256,C:\Users\matim\Downloads\Agritech project\organized_dataset\All_Training_Images\All_Training_Images_Esca_21.JPG
All_Training_Images_Esca_22.JPG,All_Training_Images,256,256,C:\Users\matim\Downloads\Agritech project\organized_dataset\All_Training_Images\All_Training_Images_Esca_22.JPG
All_Training_Images_Esca_23.JPG,All_Training_Images,256,256,C:\Users\matim\Downloads\Agritech project\organized_dataset\All_Training_Images\All_Training_Images_Esca_23.JPG
All_Training_Images_Esca_24.JPG,All_Training_Images,256,256,C:\Users\matim\Downloads\Agritech project\organized_dataset\All_Training_Images\All_Training_Images_Esca_24.JPG
All_Training_Images_Esca_25.JPG,All_Training_Images,256,256,C:\Users\matim\Downloads\Agritech project\organized_dataset\All_Training_Images\All_Training_Images_Esca_25.JPG
All_Training_Images_Esca_3.JPG,All_Training_Images,256,256,C:\Users\matim\Downloads\Agritech project\organized_dataset\All_Training_Images\All_Training_Images_Esca_3.JPG
All_Training_Images_Esca_4.JPG,All_Training_Images,256,256,C:\Users\matim\Downloads\Agritech project\organized_dataset\All_Training_Images\All_Training_Images_Esca_4.JPG
All_Training_Images_Esca_5.JPG,All_Training_Images,256,256,C:\Users\matim\Downloads\Agritech project\organized_dataset\All_Training_Images\All_Training_Images_Esca_5.JPG
All_Training_Images_Esca_6.JPG,All_Training_Images,256,256,C:\Users\matim\Downloads\Agritech project\organized_dataset\All_Training_Images\All_Training_Images_Esca_6.JPG
All_Training_Images_Esca_7.JPG,All_Training_Images,256,256,C:\Users\matim\Downloads\Agritech project\organized_dataset\All_Training_Images\All_Training_Images_Esca_7.JPG
All_Training_Images_Esca_8.JPG,All_Training_Images,256,256,C:\Users\matim\Downloads\Agritech project\organized_dataset\All_Training_Images\All_Training_Images_Esca_8.JPG
All_Training_Images_Esca_9.JPG,All_Training_Images,256,256,C:\Users\matim\Downloads\Agritech project\organized_dataset\All_Training_Images\All_Training_Images_Esca_9.JPG
All_Training_Images_Healthy_1.JPG,All_Training_Images,256,256,C:\Users\matim\Downloads\Agritech project\organized_dataset\All_Training_Images\All_Training_Images_Healthy_1.JPG
All_Training_Images_Healthy_10.JPG,All_Training_Images,256,256,C:\Users\matim\Downloads\Agritech project\organized_dataset\All_Training_Images\All_Training_Images_Healthy_10.JPG
All_Training_Images_Healthy_11.JPG,All_Training_Images,256,256,C:\Users\matim\Downloads\Agritech project\organized_dataset\All_Training_Images\All_Training_Images_Healthy_11.JPG
All_Training_Images_Healthy_12.JPG,All_Training_Images,256,256,C:\Users\matim\Downloads\Agritech project\organized_dataset\All_Training_Images\All_Training_Images_Healthy_12.JPG
All_Training_Images_Healthy_13.JPG,All_Training_Images,256,256,C:\Users\matim\Downloads\Agritech project\organized_dataset\All_Training_Images\All_Training_Images_Healthy_13.JPG
All_Training_Images_Healthy_14.JPG,All_Training_Images,256,256,C:\Users\matim\Downloads\Agritech project\organized_dataset\All_Training_Images\All_Training_Images_Healthy_14.JPG
All_Training_Images_Healthy_15.JPG,All_Training_Images,256,256,C:\Users\matim\Downloads\Agritech project\organized_dataset\All_Training_Images\All_Training_Images_Healthy_15.JPG
All_Training_Images_Healthy_16.JPG,All_Training_Images,256,256,C:\Users\matim\Downloads\Agritech project\organized_dataset\All_Training_Images\All_Training_Images_Healthy_16.JPG
All_Training_Images_Healthy_17.JPG,All_Training_Images,256,256,C:\Users\matim\Downloads\Agritech project\organized_dataset\All_Training_Images\All_Training_Images_Healthy_17.JPG
All_Training_Images_Healthy_18.JPG,All_Training_Images,256,256,C:\Users\matim\Downloads\Agritech project\organized_dataset\All_Training_Images\All_Training_Images_Healthy_18.JPG
All_Training_Images_Healthy_19.JPG,All_Training_Images,256,256,C:\Users\matim\Downloads\Agritech project\organized_dataset\All_Training_Images\All_Training_Images_Healthy_19.JPG
All_Training_Images_Healthy_2.JPG,All_Training_Images,256,256,C:\Users\matim\Downloads\Agritech project\organized_dataset\All_Training_Images\All_Training_Images_Healthy_2.JPG
All_Training_Images_Healthy_20.JPG,All_Training_Images,256,256,C:\Users\matim\Downloads\Agritech project\organized_dataset\All_Training_Images\All_Training_Images_Healthy_20.JPG
All_Training_Images_Healthy_21.JPG,All_Training_Images,256,256,C:\Users\matim\Downloads\Agritech project\organized_dataset\All_Training_Images\All_Training_Images_Healthy_21.JPG
All_Training_Images_Healthy_22.JPG,All_Training_Images,256,256,C:\Users\matim\Downloads\Agritech project\organized_dataset\All_Training_Images\All_Training_Images_Healthy_22.JPG
All_Training_Images_Healthy_23.JPG,All_Training_Images,256,256,C:\Users\matim\Downloads\Agritech project\organized_dataset\All_Training_Images\All_Training_Images_Healthy_23.JPG
All_Training_Images_Healthy_24.JPG,All_Training_Images,256,256,C:\Users\matim\Downloads\Agritech project\organized_dataset\All_Training_Images\All_Training_Images_Healthy_24.JPG
All_Training_Images_Healthy_25.JPG,All_Training_Images,256,256,C:\Users\matim\Downloads\Agritech project\organized_dataset\All_Training_Images\All_Training_Images_Healthy_25.JPG
All_Training_Images_Healthy_3.JPG,All_Training_Images,256,256,C:\Users\matim\Downloads\Agritech project\organized_dataset\All_Training_Images\All_Training_Images_Healthy_3.JPG
All_Training_Images_Healthy_4.JPG,All_Training_Images,256,256,C:\Users\matim\Downloads\Agritech project\organized_dataset\All_Training_Images\All_Training_Images_Healthy_4.JPG
All_Training_Images_Healthy_5.JPG,All_Training_Images,256,256,C:\Users\matim\Downloads\Agritech project\organized_dataset\All_Training_Images\All_Training_Images_Healthy_5.JPG
All_Training_Images_Healthy_6.JPG,All_Training_Images,256,256,C:\Users\matim\Downloads\Agritech project\organized_dataset\All_Training_Images\All_Training_Images_Healthy_6.JPG
All_Training_Images_Healthy_7.JPG,All_Training_Images,256,256,C:\Users\matim\Downloads\Agritech project\organized_dataset\All_Training_Images\All_Training_Images_Healthy_7.JPG
All_Training_Images_Healthy_8.JPG,All_Training_Images,256,256,C:\Users\matim\Downloads\Agritech project\organized_dataset\All_Training_Images\All_Training_Images_Healthy_8.JPG
All_Training_Images_Healthy_9.JPG,All_Training_Images,256,256,C:\Users\matim\Downloads\Agritech project\organized_dataset\All_Training_Images\All_Training_Images_Healthy_9.JPG
All_Training_Images_LeafBlight_1.JPG,All_Training_Images,256,256,C:\Users\matim\Downloads\Agritech project\organized_dataset\All_Training_Images\All_Training_Images_LeafBlight_1.JPG
All_Training_Images_LeafBlight_10.JPG,All_Training_Images,256,256,C:\Users\matim\Downloads\Agritech project\organized_dataset\All_Training_Images\All_Training_Images_LeafBlight_10.JPG
All_Training_Images_LeafBlight_11.JPG,All_Training_Images,256,256,C:\Users\matim\Downloads\Agritech project\organized_dataset\All_Training_Images\All_Training_Images_LeafBlight_11.JPG
All_Training_Images_LeafBlight_12.JPG,All_Training_Images,256,256,C:\Users\matim\Downloads\Agritech project\organized_dataset\All_Training_Images\All_Training_Images_LeafBlight_12.JPG
All_Training_Images_LeafBlight_13.JPG,All_Training_Images,256,256,C:\Users\matim\Downloads\Agritech project\organized_dataset\All_Training_Images\All_Training_Images_LeafBlight_13.JPG
All_Training_Images_LeafBlight_14.JPG,All_Training_Images,256,256,C:\Users\matim\Downloads\Agritech project\organized_dataset\All_Training_Images\All_Training_Images_LeafBlight_14.JPG
All_Training_Images_LeafBlight_15.JPG,All_Training_Images,256,256,C:\Users\matim\Downloads\Agritech project\organized_dataset\All_Training_Images\All_Training_Images_LeafBlight_15.JPG
All_Training_Images_LeafBlight_16.JPG,All_Training_Images,256,256,C:\Users\matim\Downloads\Agritech project\organized_dataset\All_Training_Images\All_Training_Images_LeafBlight_16.JPG
All_Training_Images_LeafBlight_17.JPG,All_Training_Images,256,256,C:\Users\matim\Downloads\Agritech project\organized_dataset\All_Training_Images\All_Training_Images_LeafBlight_17.JPG
All_Training_Images_LeafBlight_18.JPG,All_Training_Images,256,256,C:\Users\matim\Downloads\Agritech project\organized_dataset\All_Training_Images\All_Training_Images_LeafBlight_18.JPG
All_Training_Images_LeafBlight_19.JPG,All_Training_Images,256,256,C:\Users\matim\Downloads\Agritech project\organized_dataset\All_Training_Images\All_Training_Images_LeafBlight_19.JPG
All_Training_Images_LeafBlight_2.JPG,All_Training_Images,256,256,C:\Users\matim\Downloads\Agritech project\organized_dataset\All_Training_Images\All_Training_Images_LeafBlight_2.JPG
All_Training_Images_LeafBlight_20.JPG,All_Training_Images,256,256,C:\Users\matim\Downloads\Agritech project\organized_dataset\All_Training_Images\All_Training_Images_LeafBlight_20.JPG
All_Training_Images_LeafBlight_21.JPG,All_Training_Images,256,256,C:\Users\matim\Downloads\Agritech project\organized_dataset\All_Training_Images\All_Training_Images_LeafBlight_21.JPG
All_Training_Images_LeafBlight_22.JPG,All_Training_Images,256,256,C:\Users\matim\Downloads\Agritech project\organized_dataset\All_Training_Images\All_Training_Images_LeafBlight_22.JPG
All_Training_Images_LeafBlight_23.JPG,All_Training_Images,256,256,C:\Users\matim\Downloads\Agritech project\organized_dataset\All_Training_Images\All_Training_Images_LeafBlight_23.JPG
All_Training_Images_LeafBlight_24.JPG,All_Training_Images,256,256,C:\Users\matim\Downloads\Agritech project\organized_dataset\All_Training_Images\All_Training_Images_LeafBlight_24.JPG
All_Training_Images_LeafBlight_25.JPG,All_Training_Images,256,256,C:\Users\matim\Downloads\Agritech project\organized_dataset\All_Training_Images\All_Training_Images_LeafBlight_25.JPG
All_Training_Images_LeafBlight_3.JPG,All_Training_Images,256,256,C:\Users\matim\Downloads\Agritech project\organized_dataset\All_Training_Images\All_Training_Images_LeafBlight_3.JPG
All_Training_Images_LeafBlight_4.JPG,All_Training_Images,256,256,C:\Users\matim\Downloads\Agritech project\organized_dataset\All_Training_Images\All_Training_Images_LeafBlight_4.JPG
All_Training_Images_LeafBlight_5.JPG,All_Training_Images,256,256,C:\Users\matim\Downloads\Agritech project\organized_dataset\All_Training_Images\All_Training_Images_LeafBlight_5.JPG
All_Training_Images_LeafBlight_6.JPG,All_Training_Images,256,256,C:\Users\matim\Downloads\Agritech project\organized_dataset\All_Training_Images\All_Training_Images_LeafBlight_6.JPG
All_Training_Images_LeafBlight_7.JPG,All_Training_Images,256,256,C:\Users\matim\Downloads\Agritech project\organized_dataset\All_Training_Images\All_Training_Images_LeafBlight_7.JPG
All_Training_Images_LeafBlight_8.JPG,All_Training_Images,256,256,C:\Users\matim\Downloads\Agritech project\organized_dataset\All_Training_Images\All_Training_Images_LeafBlight_8.JPG
All_Training_Images_LeafBlight_9.JPG,All_Training_Images,256,256,C:\Users\matim\Downloads\Agritech project\organized_dataset\All_Training_Images\All_Training_Images_LeafBlight_9.JPG
BlackRot_BlackRot_01.JPG,BlackRot,256,256,C:\Users\matim\Downloads\Agritech project\organized_dataset\BlackRot\BlackRot_BlackRot_01.JPG
BlackRot_BlackRot_02.JPG,BlackRot,256,256,C:\Users\matim\Downloads\Agritech project\organized_dataset\BlackRot\BlackRot_BlackRot_02.JPG
BlackRot_BlackRot_03.JPG,BlackRot,256,256,C:\Users\matim\Downloads\Agritech project\organized_dataset\BlackRot\BlackRot_BlackRot_03.JPG
BlackRot_BlackRot_04.JPG,BlackRot,256,256,C:\Users\matim\Downloads\Agritech project\organized_dataset\BlackRot\BlackRot_BlackRot_04.JPG
BlackRot_BlackRot_05.JPG,BlackRot,256,256,C:\Users\matim\Downloads\Agritech project\organized_dataset\BlackRot\BlackRot_BlackRot_05.JPG
BlackRot_e751fc65-f484-4022-9ea8-a4199a8cc67a___FAM_B.Rot 3432_flipLR.JPG,BlackRot,256,256,C:\Users\matim\Downloads\Agritech project\organized_dataset\BlackRot\BlackRot_e751fc65-f484-4022-9ea8-a4199a8cc67a___FAM_B.Rot 3432_flipLR.JPG
BlackRot_e7cae881-171d-442c-aa19-04b82b6c055d___FAM_B.Rot 0534.JPG,BlackRot,256,256,C:\Users\matim\Downloads\Agritech project\organized_dataset\BlackRot\BlackRot_e7cae881-171d-442c-aa19-04b82b6c055d___FAM_B.Rot 0534.JPG
BlackRot_e7cdb4b7-662a-44d2-8c74-1de45d30b8e4___FAM_B.Rot 3281.JPG,BlackRot,256,256,C:\Users\matim\Downloads\Agritech project\organized_dataset\BlackRot\BlackRot_e7cdb4b7-662a-44d2-8c74-1de45d30b8e4___FAM_B.Rot 3281.JPG
BlackRot_eb651328-cf60-4e40-b61d-0a624cdc21aa___FAM_B.Rot 0366_flipLR.JPG,BlackRot,256,256,C:\Users\matim\Downloads\Agritech project\organized_dataset\BlackRot\BlackRot_eb651328-cf60-4e40-b61d-0a624cdc21aa___FAM_B.Rot 0366_flipLR.JPG
BlackRot_ed534915-4d99-4f6b-927d-2ebc57650d9d___FAM_B.Rot 0450.JPG,BlackRot,256,256,C:\Users\matim\Downloads\Agritech project\organized_dataset\BlackRot\BlackRot_ed534915-4d99-4f6b-927d-2ebc57650d9d___FAM_B.Rot 0450.JPG
BlackRot_ed9d7946-b257-4d2f-a42e-9ef02d623985___FAM_B.Rot 0404_flipLR.JPG,BlackRot,256,256,C:\Users\matim\Downloads\Agritech project\organized_dataset\BlackRot\BlackRot_ed9d7946-b257-4d2f-a42e-9ef02d623985___FAM_B.Rot 0404_flipLR.JPG
BlackRot_edd4a96a-0194-4e62-b9e5-091c066a004b___FAM_B.Rot 3162.JPG,BlackRot,256,256,C:\Users\matim\Downloads\Agritech project\organized_dataset\BlackRot\BlackRot_edd4a96a-0194-4e62-b9e5-091c066a004b___FAM_B.Rot 3162.JPG
BlackRot_ef1eac6a-c3f0-4620-9ae3-a162b6fca7db___FAM_B.Rot 3597.JPG,BlackRot,256,256,C:\Users\matim\Downloads\Agritech project\organized_dataset\BlackRot\BlackRot_ef1eac6a-c3f0-4620-9ae3-a162b6fca7db___FAM_B.Rot 3597.JPG
BlackRot_efda5874-7f47-49f6-a69c-ca7a8991fef0___FAM_B.Rot 0410_flipLR.JPG,BlackRot,256,256,C:\Users\matim\Downloads\Agritech project\organized_dataset\BlackRot\BlackRot_efda5874-7f47-49f6-a69c-ca7a8991fef0___FAM_B.Rot 0410_flipLR.JPG
BlackRot_f014c5bf-d06a-42c7-8a51-bdfb38c6a815___FAM_B.Rot 0495_flipLR.JPG,BlackRot,256,256,C:\Users\matim\Downloads\Agritech project\organized_dataset\BlackRot\BlackRot_f014c5bf-d06a-42c7-8a51-bdfb38c6a815___FAM_B.Rot 0495_flipLR.JPG
BlackRot_f06cf30e-e075-4793-bd2f-8e81142e0106___FAM_B.Rot 3165_flipLR.JPG,BlackRot,256,256,C:\Users\matim\Downloads\Agritech project\organized_dataset\BlackRot\BlackRot_f06cf30e-e075-4793-bd2f-8e81142e0106___FAM_B.Rot 3165_flipLR.JPG
BlackRot_f19cbf6e-443b-46ff-ade7-0d11114f72c3___FAM_B.Rot 3448.JPG,BlackRot,256,256,C:\Users\matim\Downloads\Agritech project\organized_dataset\BlackRot\BlackRot_f19cbf6e-443b-46ff-ade7-0d11114f72c3___FAM_B.Rot 3448.JPG
BlackRot_f42ebfcd-8f30-4438-8b74-4f6c8d74f86f___FAM_B.Rot 0455.JPG,BlackRot,256,256,C:\Users\matim\Downloads\Agritech project\organized_dataset\BlackRot\BlackRot_f42ebfcd-8f30-4438-8b74-4f6c8d74f86f___FAM_B.Rot 0455.JPG
BlackRot_f54d217f-5a0a-4f89-b11e-c13595cb567c___FAM_B.Rot 0487_flipLR.JPG,BlackRot,256,256,C:\Users\matim\Downloads\Agritech project\organized_dataset\BlackRot\BlackRot_f54d217f-5a0a-4f89-b11e-c13595cb567c___FAM_B.Rot 0487_flipLR.JPG
BlackRot_f6280204-a771-45f8-b217-c69938fbb84f___FAM_B.Rot 3567_flipLR.JPG,BlackRot,256,256,C:\Users\matim\Downloads\Agritech project\organized_dataset\BlackRot\BlackRot_f6280204-a771-45f8-b217-c69938fbb84f___FAM_B.Rot 3567_flipLR.JPG
BlackRot_f6a11232-f765-4768-8e2c-333ff4d80372___FAM_B.Rot 3289.JPG,BlackRot,256,256,C:\Users\matim\Downloads\Agritech project\organized_dataset\BlackRot\BlackRot_f6a11232-f765-4768-8e2c-333ff4d80372___FAM_B.Rot 3289.JPG
BlackRot_f6a11232-f765-4768-8e2c-333ff4d80372___FAM_B.Rot 3289_flipLR.JPG,BlackRot,256,256,C:\Users\matim\Downloads\Agritech project\organized_dataset\BlackRot\BlackRot_f6a11232-f765-4768-8e2c-333ff4d80372___FAM_B.Rot 3289_flipLR.JPG
BlackRot_f6b3cb4a-7d86-461a-8cf0-b03cedfd0fe4___FAM_B.Rot 3120.JPG,BlackRot,256,256,C:\Users\matim\Downloads\Agritech project\organized_dataset\BlackRot\BlackRot_f6b3cb4a-7d86-461a-8cf0-b03cedfd0fe4___FAM_B.Rot 3120.JPG
BlackRot_f6b3cb4a-7d86-461a-8cf0-b03cedfd0fe4___FAM_B.Rot 3120_flipLR.JPG,BlackRot,256,256,C:\Users\matim\Downloads\Agritech project\organized_dataset\BlackRot\BlackRot_f6b3cb4a-7d86-461a-8cf0-b03cedfd0fe4___FAM_B.Rot 3120_flipLR.JPG
BlackRot_f704774d-f2f1-44fc-a8e9-098d4c455ace___FAM_B.Rot 0461.JPG,BlackRot,256,256,C:\Users\matim\Downloads\Agritech project\organized_dataset\BlackRot\BlackRot_f704774d-f2f1-44fc-a8e9-098d4c455ace___FAM_B.Rot 0461.JPG
BlackRot_f704774d-f2f1-44fc-a8e9-098d4c455ace___FAM_B.Rot 0461_flipLR.JPG,BlackRot,256,256,C:\Users\matim\Downloads\Agritech project\organized_dataset\BlackRot\BlackRot_f704774d-f2f1-44fc-a8e9-098d4c455ace___FAM_B.Rot 0461_flipLR.JPG
BlackRot_f74ad82c-72e2-49bc-8a67-2e6c8d87e428___FAM_B.Rot 3557.JPG,BlackRot,256,256,C:\Users\matim\Downloads\Agritech project\organized_dataset\BlackRot\BlackRot_f74ad82c-72e2-49bc-8a67-2e6c8d87e428___FAM_B.Rot 3557.JPG
BlackRot_f74ad82c-72e2-49bc-8a67-2e6c8d87e428___FAM_B.Rot 3557_flipLR.JPG,BlackRot,256,256,C:\Users\matim\Downloads\Agritech project\organized_dataset\BlackRot\BlackRot_f74ad82c-72e2-49bc-8a67-2e6c8d87e428___FAM_B.Rot 3557_flipLR.JPG
BlackRot_f8440406-4060-4fea-afba-25fd341d35a8___FAM_B.Rot 3435_flipLR.JPG,BlackRot,256,256,C:\Users\matim\Downloads\Agritech project\organized_dataset\BlackRot\BlackRot_f8440406-4060-4fea-afba-25fd341d35a8___FAM_B.Rot 3435_flipLR.JPG
BlackRot_f8ce6709-9d70-4f6b-bd18-a63147d4c228___FAM_B.Rot 5043.JPG,BlackRot,256,256,C:\Users\matim\Downloads\Agritech project\organized_dataset\BlackRot\BlackRot_f8ce6709-9d70-4f6b-bd18-a63147d4c228___FAM_B.Rot 5043.JPG
BlackRot_f8ce6709-9d70-4f6b-bd18-a63147d4c228___FAM_B.Rot 5043_flipLR.JPG,BlackRot,256,256,C:\Users\matim\Downloads\Agritech project\organized_dataset\BlackRot\BlackRot_f8ce6709-9d70-4f6b-bd18-a63147d4c228___FAM_B.Rot 5043_flipLR.JPG
BlackRot_f8ee6c26-bb61-4956-a3fb-8a96342249fa___FAM_B.Rot 3158.JPG,BlackRot,256,256,C:\Users\matim\Downloads\Agritech project\organized_dataset\BlackRot\BlackRot_f8ee6c26-bb61-4956-a3fb-8a96342249fa___FAM_B.Rot 3158.JPG
BlackRot_f8ee6c26-bb61-4956-a3fb-8a96342249fa___FAM_B.Rot 3158_flipLR.JPG,BlackRot,256,256,C:\Users\matim\Downloads\Agritech project\organized_dataset\BlackRot\BlackRot_f8ee6c26-bb61-4956-a3fb-8a96342249fa___FAM_B.Rot 3158_flipLR.JPG
BlackRot_f8f3ca17-c940-48f8-b367-81e4a598daeb___FAM_B.Rot 3180.JPG,BlackRot,256,256,C:\Users\matim\Downloads\Agritech project\organized_dataset\BlackRot\BlackRot_f8f3ca17-c940-48f8-b367-81e4a598daeb___FAM_B.Rot 3180.JPG
BlackRot_f8f3ca17-c940-48f8-b367-81e4a598daeb___FAM_B.Rot 3180_flipLR.JPG,BlackRot,256,256,C:\Users\matim\Downloads\Agritech project\organized_dataset\BlackRot\BlackRot_f8f3ca17-c940-48f8-b367-81e4a598daeb___FAM_B.Rot 3180_flipLR.JPG
BlackRot_f8fb0b69-eb91-4772-8a86-41adf65bd2db___FAM_B.Rot 3149.JPG,BlackRot,256,256,C:\Users\matim\Downloads\Agritech project\organized_dataset\BlackRot\BlackRot_f8fb0b69-eb91-4772-8a86-41adf65bd2db___FAM_B.Rot 3149.JPG
BlackRot_f8fb0b69-eb91-4772-8a86-41adf65bd2db___FAM_B.Rot 3149_flipLR.JPG,BlackRot,256,256,C:\Users\matim\Downloads\Agritech project\organized_dataset\BlackRot\BlackRot_f8fb0b69-eb91-4772-8a86-41adf65bd2db___FAM_B.Rot 3149_flipLR.JPG
BlackRot_f9bfbcd2-beae-4c9e-b162-33997af68d01___FAM_B.Rot 0323.JPG,BlackRot,256,256,C:\Users\matim\Downloads\Agritech project\organized_dataset\BlackRot\BlackRot_f9bfbcd2-beae-4c9e-b162-33997af68d01___FAM_B.Rot 0323.JPG
BlackRot_f9bfbcd2-beae-4c9e-b162-33997af68d01___FAM_B.Rot 0323_flipLR.JPG,BlackRot,256,256,C:\Users\matim\Downloads\Agritech project\organized_dataset\BlackRot\BlackRot_f9bfbcd2-beae-4c9e-b162-33997af68d01___FAM_B.Rot 0323_flipLR.JPG
BlackRot_fac73f65-5442-4cf7-b1cf-eaabf4704758___FAM_B.Rot 0724_flipLR.JPG,BlackRot,256,256,C:\Users\matim\Downloads\Agritech project\organized_dataset\BlackRot\BlackRot_fac73f65-5442-4cf7-b1cf-eaabf4704758___FAM_B.Rot 0724_flipLR.JPG
BlackRot_fb6ca3d8-29bc-4103-b309-82aa6d7b1b0b___FAM_B.Rot 0648_flipLR.JPG,BlackRot,256,256,C:\Users\matim\Downloads\Agritech project\organized_dataset\BlackRot\BlackRot_fb6ca3d8-29bc-4103-b309-82aa6d7b1b0b___FAM_B.Rot 0648_flipLR.JPG
BlackRot_fbf08736-4641-4943-a4b5-4f86f9b609cc___FAM_B.Rot 3151.JPG,BlackRot,256,256,C:\Users\matim\Downloads\Agritech project\organized_dataset\BlackRot\BlackRot_fbf08736-4641-4943-a4b5-4f86f9b609cc___FAM_B.Rot 3151.JPG
BlackRot_fc75404e-0b13-4827-8fde-b9b92be735cc___FAM_B.Rot 0330.JPG,BlackRot,256,256,C:\Users\matim\Downloads\Agritech project\organized_dataset\BlackRot\BlackRot_fc75404e-0b13-4827-8fde-b9b92be735cc___FAM_B.Rot 0330.JPG
BlackRot_fc75404e-0b13-4827-8fde-b9b92be735cc___FAM_B.Rot 0330_flipLR.JPG,BlackRot,256,256,C:\Users\matim\Downloads\Agritech project\organized_dataset\BlackRot\BlackRot_fc75404e-0b13-4827-8fde-b9b92be735cc___FAM_B.Rot 0330_flipLR.JPG
BlackRot_fccab141-6eac-4889-9ada-7ad19cb346a4___FAM_B.Rot 3096.JPG,BlackRot,256,256,C:\Users\matim\Downloads\Agritech project\organized_dataset\BlackRot\BlackRot_fccab141-6eac-4889-9ada-7ad19cb346a4___FAM_B.Rot 3096.JPG
BlackRot_fdce74c1-e968-40ea-83d6-f216a2f3e3d5___FAM_B.Rot 3324.JPG,BlackRot,256,256,C:\Users\matim\Downloads\Agritech project\organized_dataset\BlackRot\BlackRot_fdce74c1-e968-40ea-83d6-f216a2f3e3d5___FAM_B.Rot 3324.JPG
BlackRot_fdce74c1-e968-40ea-83d6-f216a2f3e3d5___FAM_B.Rot 3324_flipLR.JPG,BlackRot,256,256,C:\Users\matim\Downloads\Agritech project\organized_dataset\BlackRot\BlackRot_fdce74c1-e968-40ea-83d6-f216a2f3e3d5___FAM_B.Rot 3324_flipLR.JPG
BlackRot_fe7a7373-669e-4a2d-aa92-0eb223c7d55f___FAM_B.Rot 0703_flipLR.JPG,BlackRot,256,256,C:\Users\matim\Downloads\Agritech project\organized_dataset\BlackRot\BlackRot_fe7a7373-669e-4a2d-aa92-0eb223c7d55f___FAM_B.Rot 0703_flipLR.JPG
BlackRot_fec549a8-893a-4561-8b83-0966cd018fee___FAM_B.Rot 5054.JPG,BlackRot,256,256,C:\Users\matim\Downloads\Agritech project\organized_dataset\BlackRot\BlackRot_fec549a8-893a-4561-8b83-0966cd018fee___FAM_B.Rot 5054.JPG
BlackRot_fec549a8-893a-4561-8b83-0966cd018fee___FAM_B.Rot 5054_flipLR.JPG,BlackRot,256,256,C:\Users\matim\Downloads\Agritech project\organized_dataset\BlackRot\BlackRot_fec549a8-893a-4561-8b83-0966cd018fee___FAM_B.Rot 5054_flipLR.JPG
Esca_e25ca1b5-06ec-4f1b-a1ed-bad8ad1ee0c2___FAM_B.Msls 0837_flipLR.JPG,Esca,256,256,C:\Users\matim\Downloads\Agritech project\organized_dataset\Esca\Esca_e25ca1b5-06ec-4f1b-a1ed-bad8ad1ee0c2___FAM_B.Msls 0837_flipLR.JPG
Esca_e2c64b23-1337-472b-968e-4dd493800979___FAM_B.Msls 4362_flipLR.JPG,Esca,256,256,C:\Users\matim\Downloads\Agritech project\organized_dataset\Esca\Esca_e2c64b23-1337-472b-968e-4dd493800979___FAM_B.Msls 4362_flipLR.JPG
Esca_e40604ba-8f26-4960-b893-d4498f4fbf2e___FAM_B.Msls 1250.JPG,Esca,256,256,C:\Users\matim\Downloads\Agritech project\organized_dataset\Esca\Esca_e40604ba-8f26-4960-b893-d4498f4fbf2e___FAM_B.Msls 1250.JPG
Esca_e460685d-6204-4f40-bae4-74fc001e2dae___FAM_B.Msls 4025_flipLR.JPG,Esca,256,256,C:\Users\matim\Downloads\Agritech project\organized_dataset\Esca\Esca_e460685d-6204-4f40-bae4-74fc001e2dae___FAM_B.Msls 4025_flipLR.JPG
Esca_e4d0c633-6221-4cc1-ad74-5a3f6e4220d6___FAM_B.Msls 4218_flipLR.JPG,Esca,256,256,C:\Users\matim\Downloads\Agritech project\organized_dataset\Esca\Esca_e4d0c633-6221-4cc1-ad74-5a3f6e4220d6___FAM_B.Msls 4218_flipLR.JPG
Esca_e5d39f9a-1cb4-4a2d-8ba2-c62349312532___FAM_B.Msls 0928.JPG,Esca,256,256,C:\Users\matim\Downloads\Agritech project\organized_dataset\Esca\Esca_e5d39f9a-1cb4-4a2d-8ba2-c62349312532___FAM_B.Msls 0928.JPG
Esca_e64ca544-8db7-4441-bba8-f150992370a8___FAM_B.Msls 0850.JPG,Esca,256,256,C:\Users\matim\Downloads\Agritech project\organized_dataset\Esca\Esca_e64ca544-8db7-4441-bba8-f150992370a8___FAM_B.Msls 0850.JPG
Esca_e8187940-f038-4d66-91d6-ba487eb2824f___FAM_B.Msls 3841.JPG,Esca,256,256,C:\Users\matim\Downloads\Agritech project\organized_dataset\Esca\Esca_e8187940-f038-4d66-91d6-ba487eb2824f___FAM_B.Msls 3841.JPG
Esca_e819b6eb-4b0d-4dee-bd8b-e0d2fcc3ee0e___FAM_B.Msls 4330_flipLR.JPG,Esca,256,256,C:\Users\matim\Downloads\Agritech project\organized_dataset\Esca\Esca_e819b6eb-4b0d-4dee-bd8b-e0d2fcc3ee0e___FAM_B.Msls 4330_flipLR.JPG
Esca_e94fc17e-7f33-4f23-a807-27b398b24724___FAM_B.Msls 3792.JPG,Esca,256,256,C:\Users\matim\Downloads\Agritech project\organized_dataset\Esca\Esca_e94fc17e-7f33-4f23-a807-27b398b24724___FAM_B.Msls 3792.JPG
Esca_ea33ca86-ec7a-41fc-bb03-6d8947592e84___FAM_B.Msls 1057_flipLR.JPG,Esca,256,256,C:\Users\matim\Downloads\Agritech project\organized_dataset\Esca\Esca_ea33ca86-ec7a-41fc-bb03-6d8947592e84___FAM_B.Msls 1057_flipLR.JPG
Esca_eb082a1f-5ca4-4742-8fb0-e7ba301ac464___FAM_B.Msls 1097_flipLR.JPG,Esca,256,256,C:\Users\matim\Downloads\Agritech project\organized_dataset\Esca\Esca_eb082a1f-5ca4-4742-8fb0-e7ba301ac464___FAM_B.Msls 1097_flipLR.JPG
Esca_eb133421-a122-45a6-94e5-db9ab9ea416c___FAM_B.Msls 1855_flipLR.JPG,Esca,256,256,C:\Users\matim\Downloads\Agritech project\organized_dataset\Esca\Esca_eb133421-a122-45a6-94e5-db9ab9ea416c___FAM_B.Msls 1855_flipLR.JPG
Esca_eb5f46e5-0ba9-4197-87cd-505907a56e08___FAM_B.Msls 1247.JPG,Esca,256,256,C:\Users\matim\Downloads\Agritech project\organized_dataset\Esca\Esca_eb5f46e5-0ba9-4197-87cd-505907a56e08___FAM_B.Msls 1247.JPG
Esca_eb6f0cb7-781d-4b62-865f-ed7251ccbdf7___FAM_B.Msls 4009.JPG,Esca,256,256,C:\Users\matim\Downloads\Agritech project\organized_dataset\Esca\Esca_eb6f0cb7-781d-4b62-865f-ed7251ccbdf7___FAM_B.Msls 4009.JPG
Esca_eb7eb704-11ad-409c-a94d-94ff35a091ba___FAM_B.Msls 4415.JPG,Esca,256,256,C:\Users\matim\Downloads\Agritech project\organized_dataset\Esca\Esca_eb7eb704-11ad-409c-a94d-94ff35a091ba___FAM_B.Msls 4415.JPG
Esca_ecc20073-b5c5-4d01-a23f-6ae8ef2f381d___FAM_B.Msls 0893.JPG,Esca,256,256,C:\Users\matim\Downloads\Agritech project\organized_dataset\Esca\Esca_ecc20073-b5c5-4d01-a23f-6ae8ef2f381d___FAM_B.Msls 0893.JPG
Esca_f00e2241-138e-4e78-a990-94f234376d8b___FAM_B.Msls 4019.JPG,Esca,256,256,C:\Users\matim\Downloads\Agritech project\organized_dataset\Esca\Esca_f00e2241-138e-4e78-a990-94f234376d8b___FAM_B.Msls 4019.JPG
Esca_fbd63b88-1847-4c8d-a743-54c15b220b15___FAM_B.Msls 1287.JPG,Esca,256,256,C:\Users\matim\Downloads\Agritech project\organized_dataset\Esca\Esca_fbd63b88-1847-4c8d-a743-54c15b220b15___FAM_B.Msls 1287.JPG
Esca_fbd63b88-1847-4c8d-a743-54c15b220b15___FAM_B.Msls 1287_flipLR.JPG,Esca,256,256,C:\Users\matim\Downloads\Agritech project\organized_dataset\Esca\Esca_fbd63b88-1847-4c8d-a743-54c15b220b15___FAM_B.Msls 1287_flipLR.JPG
Esca_fbe5df9f-3557-4682-9634-797aa1ace0e0___FAM_B.Msls 4346.JPG,Esca,256,256,C:\Users\matim\Downloads\Agritech project\organized_dataset\Esca\Esca_fbe5df9f-3557-4682-9634-797aa1ace0e0___FAM_B.Msls 4346.JPG
Esca_fbe5df9f-3557-4682-9634-797aa1ace0e0___FAM_B.Msls 4346_flipLR.JPG,Esca,256,256,C:\Users\matim\Downloads\Agritech project\organized_dataset\Esca\Esca_fbe5df9f-3557-4682-9634-797aa1ace0e0___FAM_B.Msls 4346_flipLR.JPG
Esca_fc2ac8e3-7ada-41bc-aa54-bd7b6dfc3784___FAM_B.Msls 4490_flipLR.JPG,Esca,256,256,C:\Users\matim\Downloads\Agritech project\organized_dataset\Esca\Esca_fc2ac8e3-7ada-41bc-aa54-bd7b6dfc3784___FAM_B.Msls 4490_flipLR.JPG
Esca_fc3ecac0-6366-437d-ac2b-a34c73cca3d8___FAM_B.Msls 3946.JPG,Esca,256,256,C:\Users\matim\Downloads\Agritech project\organized_dataset\Esca\Esca_fc3ecac0-6366-437d-ac2b-a34c73cca3d8___FAM_B.Msls 3946.JPG
Esca_fc7a8460-2637-47fe-9691-1db817f39da9___FAM_B.Msls 1016_flipLR.JPG,Esca,256,256,C:\Users\matim\Downloads\Agritech project\organized_dataset\Esca\Esca_fc7a8460-2637-47fe-9691-1db817f39da9___FAM_B.Msls 1016_flipLR.JPG
Esca_fc98a332-919a-4214-a930-9aeaa8c5d8f1___FAM_B.Msls 4359.JPG,Esca,256,256,C:\Users\matim\Downloads\Agritech project\organized_dataset\Esca\Esca_fc98a332-919a-4214-a930-9aeaa8c5d8f1___FAM_B.Msls 4359.JPG
Esca_fc98a332-919a-4214-a930-9aeaa8c5d8f1___FAM_B.Msls 4359_flipLR.JPG,Esca,256,256,C:\Users\matim\Downloads\Agritech project\organized_dataset\Esca\Esca_fc98a332-919a-4214-a930-9aeaa8c5d8f1___FAM_B.Msls 4359_flipLR.JPG
Esca_fcbe9279-dc29-466e-9109-247a4ecd6669___FAM_B.Msls 4230.JPG,Esca,256,256,C:\Users\matim\Downloads\Agritech project\organized_dataset\Esca\Esca_fcbe9279-dc29-466e-9109-247a4ecd6669___FAM_B.Msls 4230.JPG
Esca_fcbe9279-dc29-466e-9109-247a4ecd6669___FAM_B.Msls 4230_flipLR.JPG,Esca,256,256,C:\Users\matim\Downloads\Agritech project\organized_dataset\Esca\Esca_fcbe9279-dc29-466e-9109-247a4ecd6669___FAM_B.Msls 4230_flipLR.JPG
Esca_fcc49391-8e58-4642-ba24-dbdc21948983___FAM_B.Msls 0862.JPG,Esca,256,256,C:\Users\matim\Downloads\Agritech project\organized_dataset\Esca\Esca_fcc49391-8e58-4642-ba24-dbdc21948983___FAM_B.Msls 0862.JPG
Esca_fcc49391-8e58-4642-ba24-dbdc21948983___FAM_B.Msls 0862_flipLR.JPG,Esca,256,256,C:\Users\matim\Downloads\Agritech project\organized_dataset\Esca\Esca_fcc49391-8e58-4642-ba24-dbdc21948983___FAM_B.Msls 0862_flipLR.JPG
Esca_fd008387-18f9-4731-a60f-38fc8790d58c___FAM_B.Msls 4208.JPG,Esca,256,256,C:\Users\matim\Downloads\Agritech project\organized_dataset\Esca\Esca_fd008387-18f9-4731-a60f-38fc8790d58c___FAM_B.Msls 4208.JPG
Esca_fd008387-18f9-4731-a60f-38fc8790d58c___FAM_B.Msls 4208_flipLR.JPG,Esca,256,256,C:\Users\matim\Downloads\Agritech project\organized_dataset\Esca\Esca_fd008387-18f9-4731-a60f-38fc8790d58c___FAM_B.Msls 4208_flipLR.JPG
Esca_fd4a5af2-ae23-44a8-a18e-44e5cda6d683___FAM_B.Msls 3976.JPG,Esca,256,256,C:\Users\matim\Downloads\Agritech project\organized_dataset\Esca\Esca_fd4a5af2-ae23-44a8-a18e-44e5cda6d683___FAM_B.Msls 3976.JPG
Esca_fd4a5af2-ae23-44a8-a18e-44e5cda6d683___FAM_B.Msls 3976_flipLR.JPG,Esca,256,256,C:\Users\matim\Downloads\Agritech project\organized_dataset\Esca\Esca_fd4a5af2-ae23-44a8-a18e-44e5cda6d683___FAM_B.Msls 3976_flipLR.JPG
Esca_fda457e6-ba9b-4cde-864b-491972dc4edb___FAM_B.Msls 1026.JPG,Esca,256,256,C:\Users\matim\Downloads\Agritech project\organized_dataset\Esca\Esca_fda457e6-ba9b-4cde-864b-491972dc4edb___FAM_B.Msls 1026.JPG
Esca_fda457e6-ba9b-4cde-864b-491972dc4edb___FAM_B.Msls 1026_flipLR.JPG,Esca,256,256,C:\Users\matim\Downloads\Agritech project\organized_dataset\Esca\Esca_fda457e6-ba9b-4cde-864b-491972dc4edb___FAM_B.Msls 1026_flipLR.JPG
Esca_fda9b856-d033-436f-b5ff-5afa3cdd0132___FAM_B.Msls 3998.JPG,Esca,256,256,C:\Users\matim\Downloads\Agritech project\organized_dataset\Esca\Esca_fda9b856-d033-436f-b5ff-5afa3cdd0132___FAM_B.Msls 3998.JPG
Esca_fda9b856-d033-436f-b5ff-5afa3cdd0132___FAM_B.Msls 3998_flipLR.JPG,Esca,256,256,C:\Users\matim\Downloads\Agritech project\organized_dataset\Esca\Esca_fda9b856-d033-436f-b5ff-5afa3cdd0132___FAM_B.Msls 3998_flipLR.JPG
Esca_fe283531-d164-4b6b-9035-561ad0aa323e___FAM_B.Msls 4082.JPG,Esca,256,256,C:\Users\matim\Downloads\Agritech project\organized_dataset\Esca\Esca_fe283531-d164-4b6b-9035-561ad0aa323e___FAM_B.Msls 4082.JPG
Esca_fe283531-d164-4b6b-9035-561ad0aa323e___FAM_B.Msls 4082_flipLR.JPG,Esca,256,256,C:\Users\matim\Downloads\Agritech project\organized_dataset\Esca\Esca_fe283531-d164-4b6b-9035-561ad0aa323e___FAM_B.Msls 4082_flipLR.JPG
Esca_fe3c2a51-3f57-45aa-8547-99f4c6c58ada___FAM_B.Msls 1073_flipLR.JPG,Esca,256,256,C:\Users\matim\Downloads\Agritech project\organized_dataset\Esca\Esca_fe3c2a51-3f57-45aa-8547-99f4c6c58ada___FAM_B.Msls 1073_flipLR.JPG
Esca_ff235790-7c8a-4200-81ec-dbc21c0215ca___FAM_B.Msls 3853_flipLR.JPG,Esca,256,256,C:\Users\matim\Downloads\Agritech project\organized_dataset\Esca\Esca_ff235790-7c8a-4200-81ec-dbc21c0215ca___FAM_B.Msls 3853_flipLR.JPG
Esca_ff84cf23-26da-4bb3-ae1f-65a71f6bbfa9___FAM_B.Msls 4235.JPG,Esca,256,256,C:\Users\matim\Downloads\Agritech project\organized_dataset\Esca\Esca_ff84cf23-26da-4bb3-ae1f-65a71f6bbfa9___FAM_B.Msls 4235.JPG
Esca_ffab49c5-8ba3-4a94-b1f6-756be3dee47e___FAM_B.Msls 1345.JPG,Esca,256,256,C:\Users\matim\Downloads\Agritech project\organized_dataset\Esca\Esca_ffab49c5-8ba3-4a94-b1f6-756be3dee47e___FAM_B.Msls 1345.JPG
Esca_ffab49c5-8ba3-4a94-b1f6-756be3dee47e___FAM_B.Msls 1345_flipLR.JPG,Esca,256,256,C:\Users\matim\Downloads\Agritech project\organized_dataset\Esca\Esca_ffab49c5-8ba3-4a94-b1f6-756be3dee47e___FAM_B.Msls 1345_flipLR.JPG
Esca_ffc0847a-e88d-4332-8c7c-4b63ba65a471___FAM_B.Msls 1130.JPG,Esca,256,256,C:\Users\matim\Downloads\Agritech project\organized_dataset\Esca\Esca_ffc0847a-e88d-4332-8c7c-4b63ba65a471___FAM_B.Msls 1130.JPG
Esca_ffc0847a-e88d-4332-8c7c-4b63ba65a471___FAM_B.Msls 1130_flipLR.JPG,Esca,256,256,C:\Users\matim\Downloads\Agritech project\organized_dataset\Esca\Esca_ffc0847a-e88d-4332-8c7c-4b63ba65a471___FAM_B.Msls 1130_flipLR.JPG
Esca_fff99912-2321-46f9-9f81-20f0e9296776___FAM_B.Msls 4353.JPG,Esca,256,256,C:\Users\matim\Downloads\Agritech project\organized_dataset\Esca\Esca_fff99912-2321-46f9-9f81-20f0e9296776___FAM_B.Msls 4353.JPG
Esca_fff99912-2321-46f9-9f81-20f0e9296776___FAM_B.Msls 4353_flipLR.JPG,Esca,256,256,C:\Users\matim\Downloads\Agritech project\organized_dataset\Esca\Esca_fff99912-2321-46f9-9f81-20f0e9296776___FAM_B.Msls 4353_flipLR.JPG
Healthy_dd00817b-ae0e-4ac6-92c0-b3f7a9a272b7___Mt.N.V_HL 8923.JPG,Healthy,256,256,C:\Users\matim\Downloads\Agritech project\organized_dataset\Healthy\Healthy_dd00817b-ae0e-4ac6-92c0-b3f7a9a272b7___Mt.N.V_HL 8923.JPG
Healthy_ddcf9afc-8a06-4778-8eba-95f8efe65be3___Mt.N.V_HL 6201_270deg.JPG,Healthy,256,256,C:\Users\matim\Downloads\Agritech project\organized_dataset\Healthy\Healthy_ddcf9afc-8a06-4778-8eba-95f8efe65be3___Mt.N.V_HL 6201_270deg.JPG
Healthy_e1520328-8fdd-42a9-bd49-95721a89078c___Mt.N.V_HL 6125_90deg.JPG,Healthy,256,256,C:\Users\matim\Downloads\Agritech project\organized_dataset\Healthy\Healthy_e1520328-8fdd-42a9-bd49-95721a89078c___Mt.N.V_HL 6125_90deg.JPG
Healthy_e1ad5701-dcb4-43be-a5f0-be4b7773748b___Mt.N.V_HL 8996.JPG,Healthy,256,256,C:\Users\matim\Downloads\Agritech project\organized_dataset\Healthy\Healthy_e1ad5701-dcb4-43be-a5f0-be4b7773748b___Mt.N.V_HL 8996.JPG
Healthy_e1ad5701-dcb4-43be-a5f0-be4b7773748b___Mt.N.V_HL 8996_180deg.JPG,Healthy,256,256,C:\Users\matim\Downloads\Agritech project\organized_dataset\Healthy\Healthy_e1ad5701-dcb4-43be-a5f0-be4b7773748b___Mt.N.V_HL 8996_180deg.JPG
Healthy_e4dc54f7-46a2-47d4-889c-477883df2767___Mt.N.V_HL 9079_90deg.JPG,Healthy,256,256,C:\Users\matim\Downloads\Agritech project\organized_dataset\Healthy\Healthy_e4dc54f7-46a2-47d4-889c-477883df2767___Mt.N.V_HL 9079_90deg.JPG
Healthy_e53defea-84c4-4b41-8c12-a53dda9e61b8___Mt.N.V_HL 9085_90deg.JPG,Healthy,256,256,C:\Users\matim\Downloads\Agritech project\organized_dataset\Healthy\Healthy_e53defea-84c4-4b41-8c12-a53dda9e61b8___Mt.N.V_HL 9085_90deg.JPG
Healthy_e53defea-84c4-4b41-8c12-a53dda9e61b8___Mt.N.V_HL 9085_new30degFlipLR.JPG,Healthy,256,256,C:\Users\matim\Downloads\Agritech project\organized_dataset\Healthy\Healthy_e53defea-84c4-4b41-8c12-a53dda9e61b8___Mt.N.V_HL 9085_new30degFlipLR.JPG
Healthy_e554b5e2-8856-4e0e-be67-102f6845b1c9___Mt.N.V_HL 6089.JPG,Healthy,256,256,C:\Users\matim\Downloads\Agritech project\organized_dataset\Healthy\Healthy_e554b5e2-8856-4e0e-be67-102f6845b1c9___Mt.N.V_HL 6089.JPG
Healthy_e6d82c66-3d9e-4491-a5f7-9c16dd7ce6a0___Mt.N.V_HL 9054_270deg.JPG,Healthy,256,256,C:\Users\matim\Downloads\Agritech project\organized_dataset\Healthy\Healthy_e6d82c66-3d9e-4491-a5f7-9c16dd7ce6a0___Mt.N.V_HL 9054_270deg.JPG
Healthy_e6d82c66-3d9e-4491-a5f7-9c16dd7ce6a0___Mt.N.V_HL 9054_90deg.JPG,Healthy,256,256,C:\Users\matim\Downloads\Agritech project\organized_dataset\Healthy\Healthy_e6d82c66-3d9e-4491-a5f7-9c16dd7ce6a0___Mt.N.V_HL 9054_90deg.JPG
Healthy_e949f6bb-cda7-4824-9a97-67337fc164a5___Mt.N.V_HL 6156_90deg.JPG,Healthy,256,256,C:\Users\matim\Downloads\Agritech project\organized_dataset\Healthy\Healthy_e949f6bb-cda7-4824-9a97-67337fc164a5___Mt.N.V_HL 6156_90deg.JPG
Healthy_e97052d8-edd8-4e09-bdbb-c1c312d2c833___Mt.N.V_HL 8926.JPG,Healthy,256,256,C:\Users\matim\Downloads\Agritech project\organized_dataset\Healthy\Healthy_e97052d8-edd8-4e09-bdbb-c1c312d2c833___Mt.N.V_HL 8926.JPG
Healthy_e97052d8-edd8-4e09-bdbb-c1c312d2c833___Mt.N.V_HL 8926_90deg.JPG,Healthy,256,256,C:\Users\matim\Downloads\Agritech project\organized_dataset\Healthy\Healthy_e97052d8-edd8-4e09-bdbb-c1c312d2c833___Mt.N.V_HL 8926_90deg.JPG
Healthy_e97052d8-edd8-4e09-bdbb-c1c312d2c833___Mt.N.V_HL 8926_new30degFlipLR.JPG,Healthy,256,256,C:\Users\matim\Downloads\Agritech project\organized_dataset\Healthy\Healthy_e97052d8-edd8-4e09-bdbb-c1c312d2c833___Mt.N.V_HL 8926_new30degFlipLR.JPG
Healthy_eaf9de03-6ec6-453b-9cd1-38d5d3337ea3___Mt.N.V_HL 8951_270deg.JPG,Healthy,256,256,C:\Users\matim\Downloads\Agritech project\organized_dataset\Healthy\Healthy_eaf9de03-6ec6-453b-9cd1-38d5d3337ea3___Mt.N.V_HL 8951_270deg.JPG
Healthy_eb3c315d-2ec9-4923-a602-9bce8c2db303___Mt.N.V_HL 6188_270deg.JPG,Healthy,256,256,C:\Users\matim\Downloads\Agritech project\organized_dataset\Healthy\Healthy_eb3c315d-2ec9-4923-a602-9bce8c2db303___Mt.N.V_HL 6188_270deg.JPG
Healthy_ec1a4297-7055-4ff3-9635-de6f5b2b6533___Mt.N.V_HL 9013_new30degFlipLR.JPG,Healthy,256,256,C:\Users\matim\Downloads\Agritech project\organized_dataset\Healthy\Healthy_ec1a4297-7055-4ff3-9635-de6f5b2b6533___Mt.N.V_HL 9013_new30degFlipLR.JPG
Healthy_f2b57b85-6951-4248-b52b-f56e800e9cec___Mt.N.V_HL 9072_new30degFlipLR.JPG,Healthy,256,256,C:\Users\matim\Downloads\Agritech project\organized_dataset\Healthy\Healthy_f2b57b85-6951-4248-b52b-f56e800e9cec___Mt.N.V_HL 9072_new30degFlipLR.JPG
Healthy_f6bca207-2928-4753-b867-ec5f25361334___Mt.N.V_HL 9113_90deg.JPG,Healthy,256,256,C:\Users\matim\Downloads\Agritech project\organized_dataset\Healthy\Healthy_f6bca207-2928-4753-b867-ec5f25361334___Mt.N.V_HL 9113_90deg.JPG
Healthy_f8bb34c3-13a4-4762-a16d-79ec49823e3e___Mt.N.V_HL 8911.JPG,Healthy,256,256,C:\Users\matim\Downloads\Agritech project\organized_dataset\Healthy\Healthy_f8bb34c3-13a4-4762-a16d-79ec49823e3e___Mt.N.V_HL 8911.JPG
Healthy_f8d88a5d-df3b-46b0-ad41-547660c582ad___Mt.N.V_HL 6101.JPG,Healthy,256,256,C:\Users\matim\Downloads\Agritech project\organized_dataset\Healthy\Healthy_f8d88a5d-df3b-46b0-ad41-547660c582ad___Mt.N.V_HL 6101.JPG
Healthy_f8d88a5d-df3b-46b0-ad41-547660c582ad___Mt.N.V_HL 6101_90deg.JPG,Healthy,256,256,C:\Users\matim\Downloads\Agritech project\organized_dataset\Healthy\Healthy_f8d88a5d-df3b-46b0-ad41-547660c582ad___Mt.N.V_HL 6101_90deg.JPG
Healthy_f90f64a4-437d-4673-a51f-4c5660999921___Mt.N.V_HL 9066_90deg.JPG,Healthy,256,256,C:\Users\matim\Downloads\Agritech project\organized_dataset\Healthy\Healthy_f90f64a4-437d-4673-a51f-4c5660999921___Mt.N.V_HL 9066_90deg.JPG
Healthy_fa55ec79-9e54-4cb7-a926-658fb7afe4d6___Mt.N.V_HL 9056.JPG,Healthy,256,256,C:\Users\matim\Downloads\Agritech project\organized_dataset\Healthy\Healthy_fa55ec79-9e54-4cb7-a926-658fb7afe4d6___Mt.N.V_HL 9056.JPG
Healthy_fa55ec79-9e54-4cb7-a926-658fb7afe4d6___Mt.N.V_HL 9056_180deg.JPG,Healthy,256,256,C:\Users\matim\Downloads\Agritech project\organized_dataset\Healthy\Healthy_fa55ec79-9e54-4cb7-a926-658fb7afe4d6___Mt.N.V_HL 9056_180deg.JPG
Healthy_fa55ec79-9e54-4cb7-a926-658fb7afe4d6___Mt.N.V_HL 9056_270deg.JPG,Healthy,256,256,C:\Users\matim\Downloads\Agritech project\organized_dataset\Healthy\Healthy_fa55ec79-9e54-4cb7-a926-658fb7afe4d6___Mt.N.V_HL 9056_270deg.JPG
Healthy_fa8cd79e-82e1-4dda-9a82-6ce207f2b557___Mt.N.V_HL 9097.JPG,Healthy,256,256,C:\Users\matim\Downloads\Agritech project\organized_dataset\Healthy\Healthy_fa8cd79e-82e1-4dda-9a82-6ce207f2b557___Mt.N.V_HL 9097.JPG
Healthy_fa8cd79e-82e1-4dda-9a82-6ce207f2b557___Mt.N.V_HL 9097_180deg.JPG,Healthy,256,256,C:\Users\matim\Downloads\Agritech project\organized_dataset\Healthy\Healthy_fa8cd79e-82e1-4dda-9a82-6ce207f2b557___Mt.N.V_HL 9097_180deg.JPG
Healthy_fa8cd79e-82e1-4dda-9a82-6ce207f2b557___Mt.N.V_HL 9097_new30degFlipLR.JPG,Healthy,256,256,C:\Users\matim\Downloads\Agritech project\organized_dataset\Healthy\Healthy_fa8cd79e-82e1-4dda-9a82-6ce207f2b557___Mt.N.V_HL 9097_new30degFlipLR.JPG
Healthy_fabd2864-3431-4f44-b3bf-fa3af593fe05___Mt.N.V_HL 9002_180deg.JPG,Healthy,256,256,C:\Users\matim\Downloads\Agritech project\organized_dataset\Healthy\Healthy_fabd2864-3431-4f44-b3bf-fa3af593fe05___Mt.N.V_HL 9002_180deg.JPG
Healthy_fabd2864-3431-4f44-b3bf-fa3af593fe05___Mt.N.V_HL 9002_270deg.JPG,Healthy,256,256,C:\Users\matim\Downloads\Agritech project\organized_dataset\Healthy\Healthy_fabd2864-3431-4f44-b3bf-fa3af593fe05___Mt.N.V_HL 9002_270deg.JPG
Healthy_fabd2864-3431-4f44-b3bf-fa3af593fe05___Mt.N.V_HL 9002_new30degFlipLR.JPG,Healthy,256,256,C:\Users\matim\Downloads\Agritech project\organized_dataset\Healthy\Healthy_fabd2864-3431-4f44-b3bf-fa3af593fe05___Mt.N.V_HL 9002_new30degFlipLR.JPG
Healthy_fc24bccd-6d46-48b8-9dad-99f7bc0e3eec___Mt.N.V_HL 6031_180deg.JPG,Healthy,256,256,C:\Users\matim\Downloads\Agritech project\organized_dataset\Healthy\Healthy_fc24bccd-6d46-48b8-9dad-99f7bc0e3eec___Mt.N.V_HL 6031_180deg.JPG
Healthy_fc24bccd-6d46-48b8-9dad-99f7bc0e3eec___Mt.N.V_HL 6031_90deg.JPG,Healthy,256,256,C:\Users\matim\Downloads\Agritech project\organized_dataset\Healthy\Healthy_fc24bccd-6d46-48b8-9dad-99f7bc0e3eec___Mt.N.V_HL 6031_90deg.JPG
Healthy_fc24bccd-6d46-48b8-9dad-99f7bc0e3eec___Mt.N.V_HL 6031_new30degFlipLR.JPG,Healthy,256,256,C:\Users\matim\Downloads\Agritech project\organized_dataset\Healthy\Healthy_fc24bccd-6d46-48b8-9dad-99f7bc0e3eec___Mt.N.V_HL 6031_new30degFlipLR.JPG
Healthy_fce60e82-c31e-4040-ba92-8dde8410e93f___Mt.N.V_HL 8991_270deg.JPG,Healthy,256,256,C:\Users\matim\Downloads\Agritech project\organized_dataset\Healthy\Healthy_fce60e82-c31e-4040-ba92-8dde8410e93f___Mt.N.V_HL 8991_270deg.JPG
Healthy_fce60e82-c31e-4040-ba92-8dde8410e93f___Mt.N.V_HL 8991_90deg.JPG,Healthy,256,256,C:\Users\matim\Downloads\Agritech project\organized_dataset\Healthy\Healthy_fce60e82-c31e-4040-ba92-8dde8410e93f___Mt.N.V_HL 8991_90deg.JPG
Healthy_fd3c8bea-70d4-4526-8a83-f89c567b65ed___Mt.N.V_HL 6059_new30degFlipLR.JPG,Healthy,256,256,C:\Users\matim\Downloads\Agritech project\organized_dataset\Healthy\Healthy_fd3c8bea-70d4-4526-8a83-f89c567b65ed___Mt.N.V_HL 6059_new30degFlipLR.JPG
Healthy_fdf4cdd9-cb41-42de-a73e-87301576fade___Mt.N.V_HL 9000_180deg.JPG,Healthy,256,256,C:\Users\matim\Downloads\Agritech project\organized_dataset\Healthy\Healthy_fdf4cdd9-cb41-42de-a73e-87301576fade___Mt.N.V_HL 9000_180deg.JPG
Healthy_fdf4cdd9-cb41-42de-a73e-87301576fade___Mt.N.V_HL 9000_270deg.JPG,Healthy,256,256,C:\Users\matim\Downloads\Agritech project\organized_dataset\Healthy\Healthy_fdf4cdd9-cb41-42de-a73e-87301576fade___Mt.N.V_HL 9000_270deg.JPG
Healthy_fdf4cdd9-cb41-42de-a73e-87301576fade___Mt.N.V_HL 9000_90deg.JPG,Healthy,256,256,C:\Users\matim\Downloads\Agritech project\organized_dataset\Healthy\Healthy_fdf4cdd9-cb41-42de-a73e-87301576fade___Mt.N.V_HL 9000_90deg.JPG
Healthy_fdf4cdd9-cb41-42de-a73e-87301576fade___Mt.N.V_HL 9000_new30degFlipLR.JPG,Healthy,256,256,C:\Users\matim\Downloads\Agritech project\organized_dataset\Healthy\Healthy_fdf4cdd9-cb41-42de-a73e-87301576fade___Mt.N.V_HL 9000_new30degFlipLR.JPG
Healthy_fe54a9e2-461a-457b-a391-f6e3cc99605c___Mt.N.V_HL 9093.JPG,Healthy,256,256,C:\Users\matim\Downloads\Agritech project\organized_dataset\Healthy\Healthy_fe54a9e2-461a-457b-a391-f6e3cc99605c___Mt.N.V_HL 9093.JPG
Healthy_fe54a9e2-461a-457b-a391-f6e3cc99605c___Mt.N.V_HL 9093_90deg.JPG,Healthy,256,256,C:\Users\matim\Downloads\Agritech project\organized_dataset\Healthy\Healthy_fe54a9e2-461a-457b-a391-f6e3cc99605c___Mt.N.V_HL 9093_90deg.JPG
Healthy_fefb8922-dcb4-4dbf-8777-237ad9a99c40___Mt.N.V_HL 6085_new30degFlipLR.JPG,Healthy,256,256,C:\Users\matim\Downloads\Agritech project\organized_dataset\Healthy\Healthy_fefb8922-dcb4-4dbf-8777-237ad9a99c40___Mt.N.V_HL 6085_new30degFlipLR.JPG
Healthy_ff99a93a-ec9b-4a6d-a5e1-1a015cada478___Mt.N.V_HL 9057.JPG,Healthy,256,256,C:\Users\matim\Downloads\Agritech project\organized_dataset\Healthy\Healthy_ff99a93a-ec9b-4a6d-a5e1-1a015cada478___Mt.N.V_HL 9057.JPG
Healthy_ff99a93a-ec9b-4a6d-a5e1-1a015cada478___Mt.N.V_HL 9057_180deg.JPG,Healthy,256,256,C:\Users\matim\Downloads\Agritech project\organized_dataset\Healthy\Healthy_ff99a93a-ec9b-4a6d-a5e1-1a015cada478___Mt.N.V_HL 9057_180deg.JPG
Healthy_ff99a93a-ec9b-4a6d-a5e1-1a015cada478___Mt.N.V_HL 9057_270deg.JPG,Healthy,256,256,C:\Users\matim\Downloads\Agritech project\organized_dataset\Healthy\Healthy_ff99a93a-ec9b-4a6d-a5e1-1a015cada478___Mt.N.V_HL 9057_270deg.JPG
Healthy_ff99a93a-ec9b-4a6d-a5e1-1a015cada478___Mt.N.V_HL 9057_new30degFlipLR.JPG,Healthy,256,256,C:\Users\matim\Downloads\Agritech project\organized_dataset\Healthy\Healthy_ff99a93a-ec9b-4a6d-a5e1-1a015cada478___Mt.N.V_HL 9057_new30degFlipLR.JPG
LeafBlight_d7840352-8b9a-4ecd-8901-5f3ab176b282___FAM_L.Blight 4667_flipLR.JPG,LeafBlight,256,256,C:\Users\matim\Downloads\Agritech project\organized_dataset\LeafBlight\LeafBlight_d7840352-8b9a-4ecd-8901-5f3ab176b282___FAM_L.Blight 4667_flipLR.JPG
LeafBlight_d8957709-48ee-4989-ba12-5d8cf0325bdf___FAM_L.Blight 4734_flipLR.JPG,LeafBlight,256,256,C:\Users\matim\Downloads\Agritech project\organized_dataset\LeafBlight\LeafBlight_d8957709-48ee-4989-ba12-5d8cf0325bdf___FAM_L.Blight 4734_flipLR.JPG
LeafBlight_d9ceadb2-ee0d-4628-9249-df238d8d7887___FAM_L.Blight 4670_flipLR.JPG,LeafBlight,256,256,C:\Users\matim\Downloads\Agritech project\organized_dataset\LeafBlight\LeafBlight_d9ceadb2-ee0d-4628-9249-df238d8d7887___FAM_L.Blight 4670_flipLR.JPG
LeafBlight_da864f35-52f6-44da-8da0-b739e99f4c44___FAM_L.Blight 3770.JPG,LeafBlight,256,256,C:\Users\matim\Downloads\Agritech project\organized_dataset\LeafBlight\LeafBlight_da864f35-52f6-44da-8da0-b739e99f4c44___FAM_L.Blight 3770.JPG
LeafBlight_dadd9301-137b-4845-a38b-bade89aef516___FAM_L.Blight 4953.JPG,LeafBlight,256,256,C:\Users\matim\Downloads\Agritech project\organized_dataset\LeafBlight\LeafBlight_dadd9301-137b-4845-a38b-bade89aef516___FAM_L.Blight 4953.JPG
LeafBlight_dcea25a7-6835-42f9-9232-1c07463a85c1___FAM_L.Blight 3762.JPG,LeafBlight,256,256,C:\Users\matim\Downloads\Agritech project\organized_dataset\LeafBlight\LeafBlight_dcea25a7-6835-42f9-9232-1c07463a85c1___FAM_L.Blight 3762.JPG
LeafBlight_dd01d64d-1706-44a6-b355-1939e3ff78c6___FAM_L.Blight 1724_flipLR.JPG,LeafBlight,256,256,C:\Users\matim\Downloads\Agritech project\organized_dataset\LeafBlight\LeafBlight_dd01d64d-1706-44a6-b355-1939e3ff78c6___FAM_L.Blight 1724_flipLR.JPG
LeafBlight_de452695-b608-4edf-96a1-70e2e238d7a8___FAM_L.Blight 3738.JPG,LeafBlight,256,256,C:\Users\matim\Downloads\Agritech project\organized_dataset\LeafBlight\LeafBlight_de452695-b608-4edf-96a1-70e2e238d7a8___FAM_L.Blight 3738.JPG
LeafBlight_df76a644-9808-4446-8c18-578b46ff56a5___FAM_L.Blight 1594.JPG,LeafBlight,256,256,C:\Users\matim\Downloads\Agritech project\organized_dataset\LeafBlight\LeafBlight_df76a644-9808-4446-8c18-578b46ff56a5___FAM_L.Blight 1594.JPG
LeafBlight_dfd258d1-9d63-4c50-b3fd-7c1737257a35___FAM_L.Blight 4514.JPG,LeafBlight,256,256,C:\Users\matim\Downloads\Agritech project\organized_dataset\LeafBlight\LeafBlight_dfd258d1-9d63-4c50-b3fd-7c1737257a35___FAM_L.Blight 4514.JPG
LeafBlight_e1a90093-ef1f-449c-a909-cb5bbd9a6f38___FAM_L.Blight 4746.JPG,LeafBlight,256,256,C:\Users\matim\Downloads\Agritech project\organized_dataset\LeafBlight\LeafBlight_e1a90093-ef1f-449c-a909-cb5bbd9a6f38___FAM_L.Blight 4746.JPG
LeafBlight_e1a90093-ef1f-449c-a909-cb5bbd9a6f38___FAM_L.Blight 4746_flipLR.JPG,LeafBlight,256,256,C:\Users\matim\Downloads\Agritech project\organized_dataset\LeafBlight\LeafBlight_e1a90093-ef1f-449c-a909-cb5bbd9a6f38___FAM_L.Blight 4746_flipLR.JPG
LeafBlight_e1b01c6e-aca3-4c23-928b-3fa8d3512ee2___FAM_L.Blight 4615_flipLR.JPG,LeafBlight,256,256,C:\Users\matim\Downloads\Agritech project\organized_dataset\LeafBlight\LeafBlight_e1b01c6e-aca3-4c23-928b-3fa8d3512ee2___FAM_L.Blight 4615_flipLR.JPG
LeafBlight_e2f2b0e6-4f9e-401a-9fd6-2c06f46aea3d___FAM_L.Blight 1474_flipLR.JPG,LeafBlight,256,256,C:\Users\matim\Downloads\Agritech project\organized_dataset\LeafBlight\LeafBlight_e2f2b0e6-4f9e-401a-9fd6-2c06f46aea3d___FAM_L.Blight 1474_flipLR.JPG
LeafBlight_f636d153-3cbb-45e1-a691-40687e1bbe99___FAM_L.Blight 1630_flipLR.JPG,LeafBlight,256,256,C:\Users\matim\Downloads\Agritech project\organized_dataset\LeafBlight\LeafBlight_f636d153-3cbb-45e1-a691-40687e1bbe99___FAM_L.Blight 1630_flipLR.JPG
LeafBlight_f681ecc4-ed9e-459f-b192-75c3060fac2a___FAM_L.Blight 4986_flipLR.JPG,LeafBlight,256,256,C:\Users\matim\Downloads\Agritech project\organized_dataset\LeafBlight\LeafBlight_f681ecc4-ed9e-459f-b192-75c3060fac2a___FAM_L.Blight 4986_flipLR.JPG
LeafBlight_f6c3fbff-d84b-4469-b798-b60a5564e4b6___FAM_L.Blight 4649_flipLR.JPG,LeafBlight,256,256,C:\Users\matim\Downloads\Agritech project\organized_dataset\LeafBlight\LeafBlight_f6c3fbff-d84b-4469-b798-b60a5564e4b6___FAM_L.Blight 4649_flipLR.JPG
LeafBlight_f6e15fee-b1f6-4ce3-a77c-6c6e2f5a3a1b___FAM_L.Blight 0786.JPG,LeafBlight,256,256,C:\Users\matim\Downloads\Agritech project\organized_dataset\LeafBlight\LeafBlight_f6e15fee-b1f6-4ce3-a77c-6c6e2f5a3a1b___FAM_L.Blight 0786.JPG
LeafBlight_f6e15fee-b1f6-4ce3-a77c-6c6e2f5a3a1b___FAM_L.Blight 0786_flipLR.JPG,LeafBlight,256,256,C:\Users\matim\Downloads\Agritech project\organized_dataset\LeafBlight\LeafBlight_f6e15fee-b1f6-4ce3-a77c-6c6e2f5a3a1b___FAM_L.Blight 0786_flipLR.JPG
LeafBlight_f6f9087d-e3e0-4589-9235-e1920938a9f1___FAM_L.Blight 4836.JPG,LeafBlight,256,256,C:\Users\matim\Downloads\Agritech project\organized_dataset\LeafBlight\LeafBlight_f6f9087d-e3e0-4589-9235-e1920938a9f1___FAM_L.Blight 4836.JPG
LeafBlight_f6f9087d-e3e0-4589-9235-e1920938a9f1___FAM_L.Blight 4836_flipLR.JPG,LeafBlight,256,256,C:\Users\matim\Downloads\Agritech project\organized_dataset\LeafBlight\LeafBlight_f6f9087d-e3e0-4589-9235-e1920938a9f1___FAM_L.Blight 4836_flipLR.JPG
LeafBlight_f747c1ee-b157-4e64-a5e4-8f3ea2c7c6b5___FAM_L.Blight 4691.JPG,LeafBlight,256,256,C:\Users\matim\Downloads\Agritech project\organized_dataset\LeafBlight\LeafBlight_f747c1ee-b157-4e64-a5e4-8f3ea2c7c6b5___FAM_L.Blight 4691.JPG
LeafBlight_f747c1ee-b157-4e64-a5e4-8f3ea2c7c6b5___FAM_L.Blight 4691_flipLR.JPG,LeafBlight,256,256,C:\Users\matim\Downloads\Agritech project\organized_dataset\LeafBlight\LeafBlight_f747c1ee-b157-4e64-a5e4-8f3ea2c7c6b5___FAM_L.Blight 4691_flipLR.JPG
LeafBlight_f7496493-4e86-4984-b551-e81d964b9366___FAM_L.Blight 4792.JPG,LeafBlight,256,256,C:\Users\matim\Downloads\Agritech project\organized_dataset\LeafBlight\LeafBlight_f7496493-4e86-4984-b551-e81d964b9366___FAM_L.Blight 4792.JPG
LeafBlight_f7496493-4e86-4984-b551-e81d964b9366___FAM_L.Blight 4792_flipLR.JPG,LeafBlight,256,256,C:\Users\matim\Downloads\Agritech project\organized_dataset\LeafBlight\LeafBlight_f7496493-4e86-4984-b551-e81d964b9366___FAM_L.Blight 4792_flipLR.JPG
LeafBlight_f7a75472-80b7-41c7-b0c9-ed287e67499f___FAM_L.Blight 4988.JPG,LeafBlight,256,256,C:\Users\matim\Downloads\Agritech project\organized_dataset\LeafBlight\LeafBlight_f7a75472-80b7-41c7-b0c9-ed287e67499f___FAM_L.Blight 4988.JPG
LeafBlight_f7a75472-80b7-41c7-b0c9-ed287e67499f___FAM_L.Blight 4988_flipLR.JPG,LeafBlight,256,256,C:\Users\matim\Downloads\Agritech project\organized_dataset\LeafBlight\LeafBlight_f7a75472-80b7-41c7-b0c9-ed287e67499f___FAM_L.Blight 4988_flipLR.JPG
LeafBlight_f7f360d3-419e-43f7-885c-b41234df2294___FAM_L.Blight 4926.JPG,LeafBlight,256,256,C:\Users\matim\Downloads\Agritech project\organized_dataset\LeafBlight\LeafBlight_f7f360d3-419e-43f7-885c-b41234df2294___FAM_L.Blight 4926.JPG
LeafBlight_f7f360d3-419e-43f7-885c-b41234df2294___FAM_L.Blight 4926_flipLR.JPG,LeafBlight,256,256,C:\Users\matim\Downloads\Agritech project\organized_dataset\LeafBlight\LeafBlight_f7f360d3-419e-43f7-885c-b41234df2294___FAM_L.Blight 4926_flipLR.JPG
LeafBlight_f99fb4b7-78bc-4c3a-a76b-4b25dec56864___FAM_L.Blight 3647.JPG,LeafBlight,256,256,C:\Users\matim\Downloads\Agritech project\organized_dataset\LeafBlight\LeafBlight_f99fb4b7-78bc-4c3a-a76b-4b25dec56864___FAM_L.Blight 3647.JPG
LeafBlight_f99fb4b7-78bc-4c3a-a76b-4b25dec56864___FAM_L.Blight 3647_flipLR.JPG,LeafBlight,256,256,C:\Users\matim\Downloads\Agritech project\organized_dataset\LeafBlight\LeafBlight_f99fb4b7-78bc-4c3a-a76b-4b25dec56864___FAM_L.Blight 3647_flipLR.JPG
LeafBlight_f9a9bb91-8c47-49aa-aa7a-8d56ddd4e2ad___FAM_L.Blight 4805.JPG,LeafBlight,256,256,C:\Users\matim\Downloads\Agritech project\organized_dataset\LeafBlight\LeafBlight_f9a9bb91-8c47-49aa-aa7a-8d56ddd4e2ad___FAM_L.Blight 4805.JPG
LeafBlight_f9a9bb91-8c47-49aa-aa7a-8d56ddd4e2ad___FAM_L.Blight 4805_flipLR.JPG,LeafBlight,256,256,C:\Users\matim\Downloads\Agritech project\organized_dataset\LeafBlight\LeafBlight_f9a9bb91-8c47-49aa-aa7a-8d56ddd4e2ad___FAM_L.Blight 4805_flipLR.JPG
LeafBlight_f9bcac32-7cc0-48a8-896a-583dd0c17c9b___FAM_L.Blight 4534.JPG,LeafBlight,256,256,C:\Users\matim\Downloads\Agritech project\organized_dataset\LeafBlight\LeafBlight_f9bcac32-7cc0-48a8-896a-583dd0c17c9b___FAM_L.Blight 4534.JPG
LeafBlight_f9bcac32-7cc0-48a8-896a-583dd0c17c9b___FAM_L.Blight 4534_flipLR.JPG,LeafBlight,256,256,C:\Users\matim\Downloads\Agritech project\organized_dataset\LeafBlight\LeafBlight_f9bcac32-7cc0-48a8-896a-583dd0c17c9b___FAM_L.Blight 4534_flipLR.JPG
LeafBlight_fa52d9fa-9ebc-40d1-9132-6e63fec927f2___FAM_L.Blight 3695.JPG,LeafBlight,256,256,C:\Users\matim\Downloads\Agritech project\organized_dataset\LeafBlight\LeafBlight_fa52d9fa-9ebc-40d1-9132-6e63fec927f2___FAM_L.Blight 3695.JPG
LeafBlight_fa52d9fa-9ebc-40d1-9132-6e63fec927f2___FAM_L.Blight 3695_flipLR.JPG,LeafBlight,256,256,C:\Users\matim\Downloads\Agritech project\organized_dataset\LeafBlight\LeafBlight_fa52d9fa-9ebc-40d1-9132-6e63fec927f2___FAM_L.Blight 3695_flipLR.JPG
LeafBlight_fa6d9052-fffa-4bb3-bfd8-902070e26ad7___FAM_L.Blight 4912.JPG,LeafBlight,256,256,C:\Users\matim\Downloads\Agritech project\organized_dataset\LeafBlight\LeafBlight_fa6d9052-fffa-4bb3-bfd8-902070e26ad7___FAM_L.Blight 4912.JPG
LeafBlight_fa6d9052-fffa-4bb3-bfd8-902070e26ad7___FAM_L.Blight 4912_flipLR.JPG,LeafBlight,256,256,C:\Users\matim\Downloads\Agritech project\organized_dataset\LeafBlight\LeafBlight_fa6d9052-fffa-4bb3-bfd8-902070e26ad7___FAM_L.Blight 4912_flipLR.JPG
LeafBlight_fb0b1422-a936-4aa6-bb45-ef5e43780ee3___FAM_L.Blight 4936.JPG,LeafBlight,256,256,C:\Users\matim\Downloads\Agritech project\organized_dataset\LeafBlight\LeafBlight_fb0b1422-a936-4aa6-bb45-ef5e43780ee3___FAM_L.Blight 4936.JPG
LeafBlight_fb0b1422-a936-4aa6-bb45-ef5e43780ee3___FAM_L.Blight 4936_flipLR.JPG,LeafBlight,256,256,C:\Users\matim\Downloads\Agritech project\organized_dataset\LeafBlight\LeafBlight_fb0b1422-a936-4aa6-bb45-ef5e43780ee3___FAM_L.Blight 4936_flipLR.JPG
LeafBlight_fb12efe4-4fe8-42e3-bd92-27cbd29497a0___FAM_L.Blight 4567.JPG,LeafBlight,256,256,C:\Users\matim\Downloads\Agritech project\organized_dataset\LeafBlight\LeafBlight_fb12efe4-4fe8-42e3-bd92-27cbd29497a0___FAM_L.Blight 4567.JPG
LeafBlight_fb12efe4-4fe8-42e3-bd92-27cbd29497a0___FAM_L.Blight 4567_flipLR.JPG,LeafBlight,256,256,C:\Users\matim\Downloads\Agritech project\organized_dataset\LeafBlight\LeafBlight_fb12efe4-4fe8-42e3-bd92-27cbd29497a0___FAM_L.Blight 4567_flipLR.JPG
LeafBlight_fd2c0973-e4a8-4fe5-9352-3f1bd1427ff2___FAM_L.Blight 0814.JPG,LeafBlight,256,256,C:\Users\matim\Downloads\Agritech project\organized_dataset\LeafBlight\LeafBlight_fd2c0973-e4a8-4fe5-9352-3f1bd1427ff2___FAM_L.Blight 0814.JPG
LeafBlight_fd2c0973-e4a8-4fe5-9352-3f1bd1427ff2___FAM_L.Blight 0814_flipLR.JPG,LeafBlight,256,256,C:\Users\matim\Downloads\Agritech project\organized_dataset\LeafBlight\LeafBlight_fd2c0973-e4a8-4fe5-9352-3f1bd1427ff2___FAM_L.Blight 0814_flipLR.JPG
LeafBlight_fd3d0268-c5be-4d87-b549-f130b982b47e___FAM_L.Blight 1366.JPG,LeafBlight,256,256,C:\Users\matim\Downloads\Agritech project\organized_dataset\LeafBlight\LeafBlight_fd3d0268-c5be-4d87-b549-f130b982b47e___FAM_L.Blight 1366.JPG
LeafBlight_fd4cc5e9-99e1-4b98-ae03-4c5ff0286356___FAM_L.Blight 1457_flipLR.JPG,LeafBlight,256,256,C:\Users\matim\Downloads\Agritech project\organized_dataset\LeafBlight\LeafBlight_fd4cc5e9-99e1-4b98-ae03-4c5ff0286356___FAM_L.Blight 1457_flipLR.JPG
LeafBlight_fdcc77e7-78cc-4546-aae3-a0c8bd9a3427___FAM_L.Blight 4820_flipLR.JPG,LeafBlight,256,256,C:\Users\matim\Downloads\Agritech project\organized_dataset\LeafBlight\LeafBlight_fdcc77e7-78cc-4546-aae3-a0c8bd9a3427___FAM_L.Blight 4820_flipLR.JPG
LeafBlight_fe6c78a9-5db7-4cef-afbe-fc3a57a068e0___FAM_L.Blight 4795.JPG,LeafBlight,256,256,C:\Users\matim\Downloads\Agritech project\organized_dataset\LeafBlight\LeafBlight_fe6c78a9-5db7-4cef-afbe-fc3a57a068e0___FAM_L.Blight 4795.JPG
LeafBlight_fe6c78a9-5db7-4cef-afbe-fc3a57a068e0___FAM_L.Blight 4795_flipLR.JPG,LeafBlight,256,256,C:\Users\matim\Downloads\Agritech project\organized_dataset\LeafBlight\LeafBlight_fe6c78a9-5db7-4cef-afbe-fc3a57a068e0___FAM_L.Blight 4795_flipLR.JPG
